{"cameraMode":{"drawMode":0,"name":"Shaded","section":"Shading Mode"},"sceneLighting":false,"audioPlay":false,"sceneViewState":{"showFog":true,"showMaterialUpdate":false,"showSkybox":false,"showFlares":true,"showImageEffects":true,"showParticleSystems":true},"in2DMode":false,"pivot":{"x":-13.986360549926758,"y":-0.42100730538368227,"z":0.3700000047683716},"rotation":{"x":-0.040736857801675799,"y":-0.05482932925224304,"z":0.0022390331141650678,"w":-0.9976635575294495},"size":2.092294931411743,"orthographic":false}