{"cameraMode":{"drawMode":0,"name":"Shaded","section":"Shading Mode"},"sceneLighting":true,"audioPlay":false,"sceneViewState":{"showFog":true,"showMaterialUpdate":false,"showSkybox":false,"showFlares":true,"showImageEffects":true,"showParticleSystems":true},"in2DMode":false,"pivot":{"x":-18.322223663330079,"y":-0.27989891171455386,"z":-1.001953125},"rotation":{"x":0.3097924292087555,"y":0.08201275020837784,"z":0.02682577073574066,"w":-0.9468941688537598},"size":8.364766120910645,"orthographic":false}