{"cameraMode":{"drawMode":0,"name":"Shaded","section":"Shading Mode"},"sceneLighting":true,"audioPlay":false,"sceneViewState":{"showFog":true,"showMaterialUpdate":false,"showSkybox":true,"showFlares":true,"showImageEffects":true,"showParticleSystems":true},"in2DMode":false,"pivot":{"x":-1.0700000524520875,"y":3.930000066757202,"z":-0.7285000085830689},"rotation":{"x":-0.039914537221193317,"y":0.11546184122562409,"z":0.00460859015583992,"w":0.9925084710121155},"size":5.177530288696289,"orthographic":false}