{"cameraMode":{"drawMode":0,"name":"Shaded","section":"Shading Mode"},"sceneLighting":false,"audioPlay":false,"sceneViewState":{"showFog":true,"showMaterialUpdate":false,"showSkybox":true,"showFlares":true,"showImageEffects":true,"showParticleSystems":true},"in2DMode":false,"pivot":{"x":-0.21799564361572267,"y":1.036543846130371,"z":-0.4311981201171875},"rotation":{"x":-0.07041361182928086,"y":0.9098734259605408,"z":-0.17292077839374543,"w":-0.37050169706344607},"size":6.752007484436035,"orthographic":false}